TIMESTAMP;LC2110_PV;PIC2209_PV;PIC2210_PV;PI2202_PV;PC2108_PV;PC2201_PV;YI2201_PV;RO2201_FV;RD2201_FV;RO2109_FV;FC2202_PV;PI2203_PV;SC2201_PV;CI2201_FV;FC2203_PV;TI2207_PV;FC2204_PV;SC2105_PV;YY2105_PV;DYNA_VIB_RADIAL_H_LOA_DROPIN_RD_2201;DYNA_ACEL_RADIAL_H_LOA_DROPIN_RD_2201;DYNA_VIB_RADIAL_H_LA_DROPIN_RD_2201;DYNA_ACEL_RADIAL_H_LA_DROPIN_RD_2201;DYNA_VIB_AXIAL_LA_DROPIN_RD_2201;DYNA_VIB_AXIAL_LA_MOTOR_RD_2201;RD2201_V_TENS_MCM;RD2201_I_CORR_MCM;RD2201_VEL_MCM;RD2201_FP_MCM;RD2201_FC_MCM;RD2201_FSEXT_MCM;RD2201_FSROT_MCM;RD2201_FSALI_MCM;RD2201_FSEST_MCM;RD2201_FSCAR_MCM;ZIC2214_PV;XI2223_PV;XI2225_PV;XI2224_PV;ZIC2213_PV
2022-07-03 06:01:00-03:00;51.39783;346.1641;346.1641;28.44039;180.4251;230.7501;1.398934;260.983;10.08531;11.77867;133.3887;4.943075;119.7948;8.012748;109.0703;82.93007;31.77323;17.98451;7.196937;0.1496887;0.0;1.662543;0.0625;0.8981323;2.805915;13127.26;482.955;1797.462;0.775;55.699;0.02;0.03;0.199;0.876;0.769;1.156769;0.4046343;0.4654091;0.3096593;0.5917544
2022-07-03 06:02:00-03:00;49.1432;350.1815;350.1815;29.43483;183.6452;234.8941;1.603676;233.7482;11.54689;11.84267;136.0273;4.045325;119.8021;8.052146;106.5653;82.9435;31.75845;17.988;7.19831;0.1496887;0.0;1.722418;0.0625;0.8981323;2.790946;13124.84;487.41;1797.204;0.77;56.478;0.02;0.03;0.198;0.842;0.778;0.9217758;0.3994608;0.4655808;0.3097538;0.591764
2022-07-03 06:03:00-03:00;50.39185;346.3146;346.3146;27.87063;178.3693;227.6577;1.544958;208.4155;11.15352;11.02875;135.8704;5.193499;119.8862;8.058005;106.8879;82.95692;31.74367;17.99149;7.199684;0.1496887;0.0;1.782294;0.0625;0.8981323;2.775977;13122.42;491.865;1796.946;0.765;57.257;0.02;0.03;0.197;0.808;0.787;1.111212;0.3942873;0.4657525;0.3098483;0.5917735
2022-07-03 06:04:00-03:00;56.29757;351.3396;351.3396;26.07789;176.2671;224.9463;1.579605;225.2726;11.38481;12.2135;133.1599;6.430878;119.9009;8.063865;106.849;82.97035;31.7289;17.99499;7.201057;0.1496887;0.0;1.75036;0.0625;0.8866562;2.761009;13120.0;496.32;1796.688;0.76;58.036;0.02;0.03;0.196;0.774;0.796;1.159928;0.3891138;0.4659241;0.3099428;0.5917831
2022-07-03 06:05:00-03:00;62.49612;348.4968;348.4968;25.74667;175.5563;225.4484;1.437041;204.5472;10.34744;11.44304;136.3448;6.579559;119.6113;8.069725;107.1185;82.98378;31.71412;17.99848;7.20243;0.1496887;0.0;1.690485;0.0625;0.8716874;2.74604;13117.58;500.775;1796.43;0.755;58.815;0.02;0.03;0.195;0.74;0.805;1.219943;0.3839403;0.4660958;0.3100373;0.5917926
2022-07-03 06:06:00-03:00;63.87307;351.0474;351.0474;26.16547;178.8614;227.9604;1.514221;226.2516;10.89951;13.79064;135.0962;6.366647;119.7701;8.075584;106.8831;82.99721;31.78954;18.00197;7.203804;0.1496887;0.0;1.630609;0.0625;0.8567185;2.731071;13115.17;505.23;1796.172;0.75;59.594;0.02;0.03;0.194;0.706;0.814;1.279958;0.3787668;0.4662674;0.3101318;0.5918022
2022-07-03 06:07:00-03:00;60.4482;349.1825;349.1825;27.94029;179.5532;230.2823;1.532967;234.5715;11.05018;13.08076;133.8038;5.295623;119.6505;8.081444;107.2949;83.01064;31.85125;18.00546;7.205177;0.1496887;0.0;1.570734;0.0625;0.8417496;2.716102;13112.75;509.685;1795.914;0.745;60.373;0.02;0.03;0.193;0.672;0.823;1.051465;0.3735933;0.4664391;0.3102263;0.5918117
2022-07-03 06:08:00-03:00;56.53782;350.3252;350.3252;28.55653;185.3725;228.6172;1.47303;225.0901;10.60982;11.32691;136.4638;6.129427;119.6131;8.087303;106.4751;83.02406;31.85767;18.00895;7.206551;0.1496887;0.0;1.510858;0.0625;0.8267807;2.701133;13110.33;514.14;1795.656;0.74;61.152;0.02;0.03;0.192;0.638;0.832;1.233763;0.3684199;0.4666108;0.3103208;0.5918213
2022-07-03 06:09:00-03:00;51.65363;350.5981;350.5981;27.65218;185.6407;231.8705;1.491172;222.7416;10.73962;11.66786;135.0963;5.215855;119.8925;8.093163;107.0237;83.03749;31.8641;18.01244;7.207924;0.1496887;0.0;1.450983;0.0625;0.8118119;2.706746;13107.91;518.595;1795.398;0.735;61.931;0.02;0.03;0.191;0.604;0.841;1.139142;0.3632464;0.4667825;0.3104153;0.5918308
2022-07-03 06:10:00-03:00;47.57254;346.8528;346.8528;26.41489;184.1832;226.2001;1.484356;247.5327;10.68803;12.11674;133.9952;6.320468;119.5774;8.099023;107.2094;83.01494;31.87052;18.01593;7.209297;0.1496887;0.0;1.391107;0.0625;0.796843;2.7292;13105.49;523.05;1795.14;0.73;62.71;0.02;0.03;0.19;0.57;0.85;1.089744;0.3632536;0.4669541;0.3105098;0.5918404
2022-07-03 06:11:00-03:00;45.75988;352.1216;352.1216;28.32157;184.7139;233.4129;1.582805;225.1897;11.41177;10.9051;136.117;5.767098;119.6454;8.104882;107.0863;83.01632;31.87695;18.0124;7.208029;0.1496887;0.0;1.331232;0.0625;0.7818741;2.751653;13106.1;520.105;1795.238;0.734;62.197;0.022;0.028;0.189;0.6;0.902;1.088716;0.3633497;0.4671258;0.3106043;0.5918499
2022-07-03 06:12:00-03:00;49.20142;353.8192;353.8192;28.85994;183.9426;233.6576;1.520002;232.1048;10.91196;12.43887;134.6398;5.685851;119.6088;7.945091;106.7595;83.01876;31.88337;18.01052;7.207251;0.1496887;0.0;1.271356;0.0625;0.7669052;2.774106;13106.71;517.16;1795.336;0.738;61.684;0.024;0.026;0.188;0.63;0.954;1.087689;0.3634458;0.4672974;0.3106988;0.5918595
2022-07-03 06:13:00-03:00;52.97776;349.4317;349.4317;25.4265;178.0612;227.2928;1.488812;230.4587;10.7026;11.17763;134.2484;5.924826;119.5722;7.968257;107.3817;83.0212;31.8898;18.00864;7.206472;0.1496887;0.0;1.211481;0.0625;0.7519364;2.79656;13107.32;514.215;1795.434;0.742;61.171;0.026;0.024;0.187;0.66;1.006;1.086661;0.3635418;0.4674691;0.3107933;0.591869
2022-07-03 06:14:00-03:00;57.19859;349.3492;349.3492;26.97055;178.1323;228.1107;1.447204;230.7917;10.42522;11.44352;136.0545;6.034392;119.5355;7.997551;107.3195;83.02364;31.89622;18.00676;7.205694;0.1496887;0.0;1.19751;0.0625;0.7943482;2.819013;13107.93;511.27;1795.532;0.746;60.658;0.028;0.022;0.186;0.69;1.058;1.085634;0.3636379;0.4676408;0.3108878;0.5918785
2022-07-03 06:15:00-03:00;61.80627;347.1935;347.1935;28.00407;177.3773;228.48;1.528991;241.9927;11.02706;11.48555;133.5768;5.46737;119.8598;8.157068;107.2401;83.02608;31.90265;18.00488;7.204916;0.1496887;0.0;1.19751;0.0625;0.8542237;2.841466;13108.54;508.325;1795.63;0.75;60.145;0.03;0.02;0.185;0.72;1.11;1.084606;0.363734;0.4678124;0.3109823;0.5918881
2022-07-03 06:16:00-03:00;61.85633;348.5421;348.5421;27.7788;176.4039;226.5591;1.477864;250.4328;10.66558;11.14007;135.1546;6.193319;119.672;8.137536;107.3181;83.02853;31.90907;18.003;7.204137;0.1496887;0.0;1.19751;0.0625;0.9140992;2.86392;13109.16;505.38;1795.728;0.754;59.632;0.032;0.018;0.184;0.75;1.162;1.083579;0.3638301;0.4679841;0.3110768;0.5918977
2022-07-03 06:17:00-03:00;61.50731;347.5526;347.5526;26.30885;181.0168;229.8407;1.597243;232.7877;11.44654;11.75703;136.0321;6.083934;119.7511;8.118004;107.4529;83.03097;31.82472;18.00112;7.203359;0.1496887;0.0;1.19751;0.0625;0.9739746;2.886373;13109.77;502.435;1795.826;0.758;59.119;0.034;0.016;0.183;0.78;1.214;1.082551;0.3639261;0.4681557;0.3111714;0.5919072
2022-07-03 06:18:00-03:00;56.18708;348.7713;348.7713;27.88418;184.3104;230.1779;1.478321;239.9132;10.65787;11.96839;133.1684;5.858658;119.8302;8.098472;107.5424;83.03341;31.82045;17.99924;7.202581;0.1496887;0.0;1.19751;0.0625;1.03385;2.908826;13110.38;499.49;1795.924;0.762;58.606;0.036;0.014;0.182;0.81;1.266;1.081523;0.3640222;0.4683274;0.3112659;0.5919167
2022-07-03 06:19:00-03:00;49.84251;350.5851;350.5851;27.4706;181.5528;233.5324;1.515633;232.3457;10.91739;11.00717;136.0249;5.293188;119.7083;8.078939;107.1974;83.03585;31.81617;17.99736;7.201803;0.1496887;0.0;1.19751;0.0625;1.093726;2.91893;13110.99;496.545;1796.022;0.766;58.093;0.038;0.012;0.181;0.84;1.318;1.080496;0.3641183;0.4684991;0.3113604;0.5919263
2022-07-03 06:20:00-03:00;45.13791;347.1152;347.1152;27.53086;179.1291;230.8426;1.415189;232.1621;10.18595;10.88184;135.3832;5.230635;119.6712;7.954102;107.2381;83.03829;31.8119;17.99548;7.201025;0.1496887;0.0;1.19751;0.0625;1.153601;2.91893;13111.6;493.6;1796.12;0.77;57.58;0.04;0.01;0.18;0.87;1.37;1.079468;0.3642144;0.4686707;0.3114549;0.5919358
2022-07-03 06:21:00-03:00;46.08414;346.5184;346.5184;27.0039;174.9815;226.6926;1.488784;253.2709;10.7167;11.03153;133.793;5.504718;119.7183;7.954102;107.2788;83.02509;31.80763;18.00619;7.20549;0.1496887;0.0;1.19751;0.0625;1.213477;2.91893;13114.61;494.367;1796.173;0.769;57.718;0.039;0.01;0.179;0.849;1.355;1.078441;0.3643104;0.4688424;0.3115494;0.5919454
2022-07-03 06:22:00-03:00;52.06293;346.8998;346.8998;25.90617;173.424;226.115;1.517621;241.2621;10.92261;10.5189;136.4122;6.123134;119.7654;7.954102;106.9106;83.01031;31.80336;18.00923;7.2067;0.1496887;0.0;1.19751;0.0625;1.273352;2.91893;13117.61;495.134;1796.226;0.768;57.856;0.038;0.01;0.178;0.828;1.34;1.077413;0.3644065;0.469014;0.3116439;0.5919549
2022-07-03 06:23:00-03:00;58.39553;352.7269;352.7269;28.198;174.2464;231.8012;1.524876;261.5139;10.98901;11.77042;134.5384;4.844482;119.8124;7.940024;106.933;82.99554;31.79908;18.01192;7.20776;0.1496887;0.0;1.19751;0.0625;1.333228;2.91893;13120.62;495.901;1796.279;0.767;57.994;0.037;0.01;0.177;0.807;1.325;1.076386;0.3645026;0.4691857;0.3117384;0.5919645
2022-07-03 06:24:00-03:00;63.1473;348.2746;348.2746;25.63621;176.0866;226.9734;1.419753;223.8378;10.23359;13.30322;134.5256;5.344577;119.8733;8.131166;106.9696;82.98076;31.79481;18.0146;7.20882;0.1496887;0.0;1.220462;0.0625;1.335722;2.91893;13123.63;496.668;1796.332;0.766;58.132;0.036;0.01;0.176;0.786;1.31;1.075358;0.3645987;0.4693574;0.3118329;0.591974
2022-07-03 06:25:00-03:00;62.5645;349.0388;349.0388;27.66202;177.6053;233.5695;1.547433;248.7407;11.11573;11.73213;135.8989;4.737328;119.8232;8.103506;107.0062;82.96599;31.79054;18.01729;7.20988;0.1496887;0.0;1.2504;0.0625;1.320753;2.91893;13126.63;497.435;1796.385;0.765;58.27;0.035;0.01;0.175;0.765;1.295;1.07433;0.3646947;0.469529;0.3119274;0.5919836
2022-07-03 06:26:00-03:00;57.57376;347.4007;347.4007;26.38402;181.4473;230.1932;1.487121;246.5013;10.71185;11.41853;133.8864;5.578806;119.7732;8.075846;107.0428;82.95121;31.78626;18.01997;7.21094;0.1496887;0.0;1.280338;0.0625;1.305785;2.91893;13129.64;498.202;1796.438;0.764;58.408;0.034;0.01;0.174;0.744;1.28;1.073303;0.3647908;0.4697007;0.3120219;0.5919931
2022-07-03 06:27:00-03:00;53.37097;349.4593;349.4593;27.2055;183.8547;229.7038;1.518227;247.5022;10.93941;11.28614;135.1904;5.063149;119.542;8.048185;107.1331;82.93644;31.81061;18.02266;7.212;0.1496887;0.0;1.310275;0.0625;1.290816;2.91893;13132.65;498.969;1796.491;0.763;58.546;0.033;0.01;0.173;0.723;1.265;1.072275;0.3648869;0.4698724;0.3121164;0.5920026
2022-07-03 06:28:00-03:00;49.59035;354.2718;354.2718;28.45221;185.4299;237.1883;1.506828;308.4474;10.86009;10.26661;135.7002;4.667902;119.5349;8.020526;107.066;82.92166;31.803;18.02534;7.21306;0.1496887;0.0;1.340213;0.0625;1.275847;2.91893;13135.66;499.736;1796.544;0.762;58.684;0.032;0.01;0.172;0.702;1.25;1.071248;0.364983;0.470044;0.3122109;0.5920122
2022-07-03 06:29:00-03:00;49.34441;351.5443;351.5443;28.4459;185.0395;230.5468;1.603924;296.4509;11.55264;10.73876;133.1033;6.85814;119.5349;8.049661;106.8784;82.90689;31.79432;18.02803;7.214119;0.1496887;0.0;1.370151;0.0625;1.260878;2.898348;13138.66;500.503;1796.597;0.761;58.822;0.031;0.01;0.171;0.681;1.235;1.07022;0.365079;0.4702157;0.3123054;0.5920218
2022-07-03 06:30:00-03:00;49.76096;345.6;345.6;27.30887;177.7005;225.9821;1.409307;263.6864;10.15807;10.48423;135.8299;6.260489;119.796;8.020287;107.2177;82.89211;31.78565;18.03071;7.215179;0.1496887;0.0;1.400089;0.0625;1.245909;2.860926;13141.67;501.27;1796.65;0.76;58.96;0.03;0.01;0.17;0.66;1.22;1.069193;0.3651751;0.4703873;0.3124;0.5920313
2022-07-03 06:31:00-03:00;54.98506;346.2574;346.2574;27.69049;179.8959;228.8791;1.522883;259.6262;10.93489;11.44056;135.526;6.135067;119.7592;8.005638;106.9973;82.88645;31.77698;18.00364;7.20426;0.1496887;0.0;1.430026;0.0625;1.23094;2.823504;13140.46;500.22;1796.766;0.761;58.777;0.031;0.014;0.172;0.681;1.201;1.068165;0.3652712;0.470559;0.3124945;0.5920408
2022-07-03 06:32:00-03:00;59.51425;350.9543;350.9543;28.16509;176.5262;229.9853;1.589396;256.247;11.44467;11.27315;133.1355;5.058349;119.7116;7.99099;107.1145;82.90058;31.76831;18.00401;7.204411;0.1496887;0.0;1.459964;0.0625;1.215971;2.786082;13139.26;499.17;1796.882;0.762;58.594;0.032;0.018;0.174;0.702;1.182;1.067137;0.3653673;0.4707307;0.312589;0.5924399
2022-07-03 06:33:00-03:00;64.68475;351.3406;351.3406;28.21925;178.5747;232.2901;1.470979;275.2528;10.5998;11.57967;136.5313;5.310458;119.6639;7.976341;106.9473;82.91472;31.75964;18.00549;7.205006;0.1496887;0.0;1.489902;0.0625;1.201002;2.748659;13138.05;498.12;1796.998;0.763;58.411;0.033;0.022;0.176;0.723;1.163;1.06611;0.3654633;0.4709023;0.3126835;0.5928462
2022-07-03 06:34:00-03:00;61.19615;350.1392;350.1392;27.89791;179.8044;233.5878;1.633997;242.0975;11.76794;11.53517;135.4622;5.003746;119.6003;7.961692;107.209;82.92886;31.75096;18.00697;7.205601;0.1496887;0.0;1.485411;0.0625;1.186034;2.711237;13136.84;497.07;1797.114;0.764;58.228;0.034;0.026;0.178;0.744;1.144;1.065082;0.3655594;0.471074;0.312778;0.5932525
2022-07-03 06:35:00-03:00;57.10976;349.6841;349.6841;28.05709;184.0074;231.4185;1.510432;254.2169;10.87305;12.597;133.7648;5.814048;119.6397;7.947044;107.2092;82.94299;31.74229;18.00845;7.206196;0.1496887;0.0;1.470442;0.0625;1.171065;2.673815;13135.63;496.02;1797.23;0.765;58.045;0.035;0.03;0.18;0.765;1.125;1.060356;0.3656555;0.4712456;0.3128725;0.5936589
2022-07-03 06:36:00-03:00;51.02142;352.8158;352.8158;28.54224;180.4982;238.1302;1.510557;259.1779;10.88303;9.938825;136.5159;4.630316;119.6356;7.932395;107.204;82.95712;31.73362;18.00992;7.206791;0.1496887;0.0;1.455473;0.0625;1.156096;2.636393;13134.43;494.97;1797.346;0.766;57.862;0.036;0.034;0.182;0.786;1.106;1.05556;0.3657516;0.4714173;0.312967;0.5940651
2022-07-03 06:37:00-03:00;46.69909;353.2421;353.2421;29.13188;181.8883;233.7297;1.587877;254.9171;11.42862;10.89216;134.6687;4.961072;119.8109;7.917747;107.1988;82.97126;31.79385;18.0114;7.207386;0.1496887;0.0;1.440505;0.0625;1.141127;2.59897;13133.22;493.92;1797.462;0.767;57.679;0.037;0.038;0.184;0.807;1.087;1.050764;0.3658476;0.471589;0.3130615;0.5944715
2022-07-03 06:38:00-03:00;44.56273;350.9365;350.9365;27.91343;179.3323;231.0336;1.549004;253.0421;11.16615;10.76384;134.2816;5.223246;119.806;7.903098;107.1935;82.98539;31.7909;18.01288;7.207982;0.1496887;0.0;1.425536;0.0625;1.126158;2.561548;13132.01;492.87;1797.578;0.768;57.496;0.038;0.042;0.186;0.828;1.068;1.045969;0.3659437;0.4717606;0.313156;0.5948778
2022-07-03 06:39:00-03:00;48.33349;352.547;352.547;27.81173;177.3653;231.6071;1.5728;249.2936;11.31676;10.38992;136.7435;5.506616;119.8011;7.888449;107.1883;82.99953;31.78544;18.01435;7.208577;0.1496887;0.0;1.410567;0.0625;1.111189;2.561174;13130.81;491.82;1797.694;0.769;57.313;0.039;0.046;0.188;0.849;1.049;1.041173;0.3660398;0.4719323;0.3132505;0.595284
2022-07-03 06:40:00-03:00;54.99275;349.6163;349.6163;26.87446;177.8087;229.1326;1.5395;239.6256;11.10038;12.89881;135.3791;5.381065;119.7962;8.119958;107.1831;83.01366;31.77998;18.01583;7.209172;0.1496887;0.0;1.395598;0.0625;1.09622;2.591112;13129.6;490.77;1797.81;0.77;57.13;0.04;0.05;0.19;0.87;1.03;1.036377;0.3661358;0.472104;0.313345;0.5956904
2022-07-03 06:41:00-03:00;60.58116;349.4709;349.4709;27.40276;176.1368;231.8666;1.561598;259.8095;11.27513;11.44134;133.6083;5.238988;119.7914;8.114561;107.1778;83.06099;31.77452;18.01731;7.209767;0.1496887;0.0;1.380629;0.0625;1.081252;2.62105;13131.95;490.233;1797.665;0.77;57.029;0.037;0.05;0.189;0.87;0.999;1.031582;0.3662319;0.4722756;0.3134395;0.5960966
2022-07-03 06:42:00-03:00;63.666;351.0135;351.0135;28.04591;185.1273;233.2103;1.402321;254.2766;10.09097;11.45843;135.557;5.318452;119.6162;8.109164;106.9079;83.0827;31.76906;18.02478;7.213032;0.1496887;0.0;1.36566;0.0625;1.066283;2.650987;13134.3;489.696;1797.52;0.77;56.928;0.034;0.05;0.188;0.87;0.968;1.026786;0.366328;0.4724473;0.313534;0.596503
2022-07-03 06:43:00-03:00;61.59694;349.5107;349.5107;29.25826;185.6548;233.0281;1.511486;250.1871;10.88303;11.31894;135.85;5.46119;119.6784;8.103767;106.9811;83.10439;31.7636;18.01793;7.210285;0.1496887;0.0;1.350691;0.0625;1.051314;2.680925;13136.64;489.159;1797.375;0.77;56.827;0.031;0.05;0.187;0.87;0.937;1.02199;0.3664241;0.472619;0.3136285;0.5969093
2022-07-03 06:44:00-03:00;60.78446;349.9361;349.9361;27.99405;179.8042;228.8044;1.646812;264.5525;11.86893;11.88333;133.6949;5.785472;119.3014;8.098371;107.1249;83.12609;31.75814;18.01108;7.207539;0.1496887;0.0;1.358675;0.0625;1.036345;2.710863;13138.99;488.622;1797.23;0.77;56.726;0.028;0.05;0.186;0.87;0.906;1.017195;0.3665201;0.4727906;0.313723;0.5973155
2022-07-03 06:45:00-03:00;56.614;349.9116;349.9116;28.38024;182.4387;232.4272;1.53522;258.091;10.93171;10.69387;134.0043;6.313402;119.8866;8.092974;106.8548;83.1478;31.75268;18.00423;7.204792;0.1496887;0.0;1.373644;0.0625;1.021376;2.740801;13141.34;488.085;1797.085;0.77;56.625;0.025;0.05;0.185;0.87;0.875;1.072424;0.3666162;0.4729623;0.3138175;0.5977219
2022-07-03 06:46:00-03:00;52.17805;352.9632;352.9632;29.03643;177.1366;234.7109;1.544228;244.5907;11.1343;12.55181;135.6329;4.348797;119.8903;8.087577;106.8268;83.16949;31.74722;17.99738;7.202045;0.1496887;0.0;1.388612;0.0625;1.006407;2.770738;13143.69;487.548;1796.94;0.77;56.524;0.022;0.05;0.184;0.87;0.844;1.138903;0.3667123;0.473134;0.313912;0.5981282
2022-07-03 06:47:00-03:00;46.37487;344.9416;344.9416;27.48252;179.7311;230.4055;1.427995;247.4336;10.28342;10.90023;136.4285;5.396418;119.8829;8.08218;106.8051;83.1912;31.72674;17.99053;7.199299;0.1496887;0.0;1.403581;0.0625;0.9914384;2.800676;13146.04;487.011;1796.795;0.77;56.423;0.019;0.05;0.183;0.87;0.813;1.148058;0.3668084;0.4733056;0.3140065;0.5985345
2022-07-03 06:48:00-03:00;49.03282;346.4322;346.4322;26.31919;178.9589;224.5068;1.420507;254.538;10.24282;10.80887;134.9226;6.033111;119.7025;8.076783;106.7834;83.2129;31.67363;17.98369;7.196552;0.1496887;0.0;1.41855;0.0625;0.9764695;2.830614;13148.38;486.474;1796.65;0.77;56.322;0.016;0.05;0.182;0.87;0.782;1.157214;0.3669044;0.4734773;0.314101;0.5989408
2022-07-03 06:49:00-03:00;53.87549;352.6525;352.6525;27.82502;179.6043;228.6967;1.450079;255.3415;10.45452;11.05482;133.4806;6.008953;119.3294;8.071386;106.7617;83.2346;31.62022;17.97684;7.193805;0.1496887;0.0;1.433519;0.0625;0.9615006;2.82762;13150.73;485.937;1796.505;0.77;56.221;0.013;0.05;0.181;0.87;0.751;1.166369;0.3670005;0.4736489;0.3141955;0.5993471
2022-07-03 06:50:00-03:00;60.23098;350.1433;350.1433;27.7534;180.2013;230.8545;1.467536;224.2401;10.6795;12.40658;135.6768;4.838789;119.7419;8.044376;107.1035;83.27527;31.70151;17.96999;7.191059;0.1496887;0.0;1.448488;0.0625;0.9465317;2.797682;13153.08;485.4;1796.36;0.77;56.12;0.01;0.05;0.18;0.87;0.72;1.175525;0.3670966;0.4738206;0.3142901;0.5997534
2022-07-03 06:51:00-03:00;60.1476;351.9979;351.9979;28.95819;181.2262;234.6972;1.450684;254.5929;10.46193;11.77832;136.3214;4.90371;119.7688;8.034122;106.7976;83.25779;31.72676;17.96314;7.188312;0.1496887;0.0;1.463457;0.0625;0.9315628;2.767745;13153.16;486.101;1796.507;0.77;56.25;0.012;0.048;0.18;0.866;0.758;0.9581316;0.3671927;0.4739923;0.3143846;0.6001597
2022-07-03 06:52:00-03:00;60.83878;350.4099;350.4099;27.84369;185.5673;232.6734;1.577886;228.6021;11.38939;11.74117;134.9203;4.900666;119.8223;8.023868;107.1246;83.23886;31.76163;18.01403;7.208539;0.1496887;0.0;1.478426;0.0625;0.916594;2.737807;13153.24;486.802;1796.654;0.77;56.38;0.014;0.046;0.18;0.862;0.796;1.122163;0.3672887;0.4741639;0.3144791;0.600566
2022-07-03 06:53:00-03:00;57.60414;343.2097;343.2097;27.39048;179.6685;227.2663;1.399248;225.9257;10.07523;12.00165;133.583;5.683933;119.8013;8.013613;107.1918;83.21994;31.79651;18.01502;7.208941;0.1496887;0.0;1.493395;0.0625;0.901625;2.707869;13153.33;487.503;1796.801;0.77;56.51;0.016;0.044;0.18;0.858;0.8340001;0.9975249;0.3673848;0.4743356;0.3145736;0.6009723
2022-07-03 06:54:00-03:00;54.59084;346.5497;346.5497;28.24022;175.9889;227.8471;1.537696;223.692;11.07252;11.63178;135.5229;4.678058;119.7668;8.003358;107.309;83.20102;31.90581;18.01403;7.208556;0.1496887;0.0;1.473935;0.0625;0.8866562;2.677931;13153.41;488.204;1796.948;0.77;56.64;0.018;0.042;0.18;0.854;0.872;1.273926;0.3674809;0.4745072;0.3146681;0.6013786
2022-07-03 06:55:00-03:00;49.10801;337.1362;337.1362;26.08027;171.9921;222.9091;1.441585;207.1735;10.38345;11.79913;136.5719;6.230789;119.7322;7.993104;106.8478;83.1821;31.66681;18.01304;7.20817;0.1496887;0.0;1.443997;0.0625;0.8716874;2.647994;13153.49;488.905;1797.095;0.77;56.77;0.02;0.04;0.18;0.85;0.91;1.181769;0.367577;0.4746789;0.3147626;0.6017849
2022-07-03 06:56:00-03:00;48.91124;339.7397;339.7397;26.57131;168.4505;224.1308;1.492577;225.6684;10.74348;11.13226;134.2761;5.260182;119.6332;7.982849;107.2012;83.16318;31.6958;18.01205;7.207785;0.1496887;0.0;1.41406;0.0625;0.8567185;2.618056;13153.57;489.606;1797.242;0.77;56.9;0.022;0.038;0.18;0.846;0.948;1.089612;0.367673;0.4748506;0.3148571;0.6021912
2022-07-03 06:57:00-03:00;50.69643;340.2021;340.2021;26.81555;172.2663;223.8465;1.470235;205.909;10.58587;11.7992;136.3454;6.48155;119.8375;7.972594;107.1994;83.14426;31.88146;18.01106;7.207399;0.1496887;0.0;1.384122;0.0625;0.8417496;2.588118;13153.65;490.307;1797.389;0.77;57.03;0.024;0.036;0.18;0.842;0.986;1.141147;0.3677691;0.4750222;0.3149516;0.6025975
2022-07-03 06:58:00-03:00;55.48776;341.2332;341.2332;26.11099;174.916;230.1659;1.41262;219.725;10.16965;11.91133;133.7339;6.307057;119.6457;7.96234;107.1975;83.12534;31.8445;18.01007;7.207014;0.1496887;0.0;1.354184;0.0625;0.8267807;2.55818;13153.74;491.008;1797.536;0.77;57.16;0.026;0.034;0.18;0.838;1.024;1.134553;0.3678652;0.4751939;0.3150461;0.6030038
2022-07-03 06:59:00-03:00;58.5361;339.2332;339.2332;25.71906;179.1275;233.1513;1.388952;219.9193;10.00833;10.71633;136.1143;7.152741;119.7346;7.952085;107.1956;83.10641;31.89562;18.00908;7.206628;0.1496887;0.0;1.324246;0.0625;0.8118119;2.548825;13153.82;491.709;1797.683;0.77;57.29;0.028;0.032;0.18;0.834;1.062;1.126847;0.3679613;0.4753655;0.3151406;0.6034101
2022-07-03 07:00:00-03:00;62.56667;347.2947;347.2947;27.81925;184.2976;232.5707;1.479781;240.4263;10.66301;12.57951;133.8557;6.314515;119.8335;8.123437;107.1937;83.08749;31.87382;18.00809;7.206243;0.1496887;0.0;1.294309;0.0625;0.796843;2.556309;13153.9;492.41;1797.83;0.77;57.42;0.03;0.03;0.18;0.83;1.1;1.119141;0.3680573;0.4755372;0.3152351;0.6038164
2022-07-03 07:01:00-03:00;59.13728;344.8225;344.8225;26.92904;183.9728;231.7236;1.476528;206.522;10.64529;11.17953;135.5879;5.734259;119.8789;8.138971;107.1918;83.06026;31.85202;18.0071;7.205858;0.1496887;0.0;1.264371;0.0625;0.7818741;2.563794;13154.17;492.912;1797.811;0.769;57.509;0.031;0.031;0.181;0.834;1.104;1.111435;0.3681534;0.4757089;0.3153296;0.6042227
2022-07-03 07:02:00-03:00;54.57481;348.0435;348.0435;27.33231;187.7774;233.3434;1.516556;190.9359;10.92032;11.88166;135.0016;5.309381;119.81;8.148223;107.19;83.05512;31.83022;18.02085;7.211401;0.1496887;0.0;1.234433;0.0625;0.7669052;2.571278;13154.43;493.414;1797.792;0.768;57.598;0.032;0.032;0.182;0.838;1.108;1.103729;0.3682495;0.4758805;0.3154241;0.604629
2022-07-03 07:03:00-03:00;52.38194;346.4524;346.4524;27.9417;185.6232;233.3469;1.545614;229.6715;11.14793;12.87132;134.6259;5.634772;119.7412;8.157475;107.2809;83.04999;31.70494;18.014;7.208674;0.1496887;0.0;1.204495;0.0625;0.7519364;2.578763;13154.7;493.916;1797.773;0.767;57.687;0.033;0.033;0.183;0.842;1.112;1.096023;0.3683455;0.4760522;0.3155186;0.6050354
2022-07-03 07:04:00-03:00;48.7977;346.5715;346.5715;27.57136;184.7191;234.1125;1.429438;214.9477;10.28953;10.55289;136.2223;5.065616;119.6971;8.166726;106.6071;83.04485;31.71806;18.00651;7.205686;0.1496887;0.0;1.19751;0.0625;0.7713959;2.586247;13154.96;494.418;1797.754;0.766;57.776;0.034;0.034;0.184;0.846;1.116;1.088317;0.3684416;0.4762239;0.3156132;0.6054416
2022-07-03 07:05:00-03:00;47.88438;349.1129;349.1129;27.47567;181.7729;229.5765;1.446304;219.9669;10.39852;10.85769;133.4706;6.305845;119.6916;8.175978;106.664;83.0397;31.73118;17.99902;7.202699;0.1496887;0.0;1.19751;0.0625;0.8013337;2.593731;13155.22;494.92;1797.735;0.765;57.865;0.035;0.035;0.185;0.85;1.12;1.080611;0.3685377;0.4763955;0.3157077;0.605848
2022-07-03 07:06:00-03:00;54.3807;346.7697;346.7697;26.84756;181.0045;230.8111;1.506596;218.2402;10.86224;10.12541;136.0986;6.534407;119.8936;8.185229;106.9054;83.03457;31.7443;17.99153;7.199711;0.1496887;0.0;1.19751;0.0625;0.8312714;2.601216;13155.49;495.422;1797.716;0.764;57.954;0.036;0.036;0.186;0.854;1.124;1.072905;0.3686338;0.4765672;0.3158022;0.6062542
2022-07-03 07:07:00-03:00;58.26236;349.8838;349.8838;28.80851;183.3545;233.5177;1.541595;232.1578;11.12249;10.52107;133.9001;6.015918;119.8194;8.194481;106.6475;83.02943;31.75743;17.98404;7.196724;0.1496887;0.0;1.19751;0.0625;0.8612092;2.6087;13155.75;495.924;1797.697;0.763;58.043;0.037;0.037;0.187;0.858;1.128;1.065199;0.3687298;0.4767388;0.3158967;0.6066605
2022-07-03 07:08:00-03:00;59.23669;348.0479;348.0479;27.97835;181.6312;230.4864;1.566783;215.6959;11.30046;12.89244;135.2174;4.799332;119.8099;8.203732;106.5447;83.02428;31.77055;17.97655;7.193737;0.1496887;0.0;1.19751;0.0625;0.891147;2.616185;13156.02;496.426;1797.678;0.762;58.132;0.038;0.038;0.188;0.862;1.132;1.063371;0.3688259;0.4769105;0.3159912;0.6070669
2022-07-03 07:09:00-03:00;62.32397;349.1106;349.1106;28.45039;184.1848;234.7652;1.547802;189.8727;11.14403;14.07101;135.8407;4.706978;119.7916;8.212983;106.8272;83.01915;31.78367;17.96906;7.190749;0.1496887;0.0;1.19751;0.0625;0.9210847;2.623669;13156.29;496.928;1797.659;0.761;58.221;0.039;0.039;0.189;0.866;1.136;1.055333;0.368922;0.4770822;0.3160857;0.6074731
2022-07-03 07:10:00-03:00;58.98076;351.727;351.727;27.03792;184.256;235.3007;1.591028;193.7852;11.45579;11.74254;133.5924;4.831649;119.7733;7.991711;106.573;83.01401;31.79679;17.96157;7.187762;0.1496887;0.0;1.19751;0.0625;0.9510224;2.631154;13156.55;497.43;1797.64;0.76;58.31;0.04;0.04;0.19;0.87;1.14;1.055523;0.369018;0.4772538;0.3161802;0.6078795
2022-07-03 07:11:00-03:00;54.97647;355.4164;355.4164;28.10464;179.7383;230.8465;1.637263;232.0311;11.78506;12.11844;135.5982;5.141346;119.755;8.255704;107.0253;83.01575;31.80992;17.95407;7.184774;0.1496887;0.0;1.19751;0.0625;0.9809602;2.638638;13155.81;497.629;1797.715;0.76;58.348;0.04;0.04;0.19;0.842;1.1;1.055714;0.3691141;0.4774255;0.3162747;0.6082858
2022-07-03 07:12:00-03:00;53.35683;356.6079;356.6079;26.90781;182.2973;229.7258;1.384339;208.8799;9.955521;12.71728;135.6632;6.704716;119.7366;8.182446;107.0578;83.03223;31.82304;17.99942;7.202657;0.1496887;0.0;1.19751;0.0625;1.010898;2.646122;13155.08;497.828;1797.79;0.76;58.386;0.04;0.04;0.19;0.814;1.06;1.055905;0.3692102;0.4775971;0.3163692;0.608692
2022-07-03 07:13:00-03:00;47.08846;359.078;359.078;27.91821;186.5052;233.4585;1.603544;233.0464;11.55969;10.31171;134.0461;5.424284;119.7183;8.223648;107.0725;83.04871;31.83278;18.00096;7.203279;0.1496887;0.0;1.19751;0.0625;1.040836;2.653607;13154.34;498.027;1797.865;0.76;58.424;0.04;0.04;0.19;0.786;1.02;1.056096;0.3693063;0.4777688;0.3164637;0.6090984
2022-07-03 07:14:00-03:00;46.46712;352.5047;352.5047;26.99994;178.3184;226.3873;1.388398;208.4332;10.1334;10.87511;134.7032;5.433637;119.7737;8.209526;107.2921;83.06519;31.82779;18.00069;7.203187;0.1496887;0.0;1.19751;0.0625;1.059297;2.661091;13153.6;498.226;1797.94;0.76;58.462;0.04;0.04;0.19;0.758;0.98;1.056286;0.3694023;0.4779405;0.3165582;0.6095047
2022-07-03 07:15:00-03:00;50.53926;357.6587;357.6587;28.56936;176.5434;232.2566;1.576701;220.7274;11.33735;9.520416;135.4302;4.416543;119.7365;8.138621;107.2159;83.08168;31.8226;18.00042;7.203096;0.1496887;0.0;1.19751;0.0625;1.074266;2.668576;13152.87;498.425;1798.015;0.76;58.5;0.04;0.04;0.19;0.73;0.94;1.056477;0.3694984;0.4781122;0.3166527;0.609911
2022-07-03 07:16:00-03:00;56.99644;359.4252;359.4252;29.34144;182.0016;236.5379;1.668467;238.7922;12.02882;11.66928;135.4523;5.139434;119.7122;8.006431;107.1304;83.09816;31.81741;18.00015;7.203004;0.1496887;0.0;1.19751;0.0625;1.089235;2.67606;13152.13;498.624;1798.09;0.76;58.538;0.04;0.04;0.19;0.702;0.9;1.056668;0.3695945;0.4782838;0.3167472;0.6103173
2022-07-03 07:17:00-03:00;59.85502;355.869;355.869;27.404;178.2193;232.6011;1.558868;203.362;11.25254;11.75892;134.4922;4.883188;119.6951;8.008628;107.2951;83.11464;31.81223;17.99988;7.202913;0.1496887;0.0;1.19751;0.0625;1.104204;2.683545;13151.39;498.823;1798.165;0.76;58.576;0.04;0.04;0.19;0.674;0.86;1.245709;0.3696906;0.4784555;0.3168417;0.6107236
2022-07-03 07:18:00-03:00;64.2746;356.5024;356.5024;28.25838;178.1536;234.6995;1.514123;234.9632;10.89246;11.44175;134.5568;4.49309;119.678;8.010825;106.8567;83.13112;31.80704;17.99961;7.202821;0.1496887;0.0;1.19751;0.0625;1.119173;2.691029;13150.65;499.022;1798.24;0.76;58.614;0.04;0.04;0.19;0.646;0.82;1.055411;0.3697866;0.4786271;0.3169362;0.6111299
2022-07-03 07:19:00-03:00;59.304;348.8307;348.8307;28.13186;177.5064;228.6962;1.440426;227.993;10.38183;11.5994;134.6301;5.427178;119.458;8.013022;106.8385;83.1476;31.80185;17.99935;7.20273;0.1496887;0.0;1.19751;0.0625;1.134142;2.694397;13149.92;499.221;1798.315;0.76;58.652;0.04;0.04;0.19;0.618;0.78;1.036692;0.3698827;0.4787988;0.3170307;0.6115362
2022-07-03 07:20:00-03:00;57.17827;345.1638;345.1638;26.0112;181.5737;222.8866;1.348136;243.5328;9.731509;12.0357;134.7269;5.929929;119.7654;8.01522;106.8288;83.16408;31.79666;17.99908;7.202638;0.1496887;0.0;1.19751;0.0625;1.14911;2.694397;13149.18;499.42;1798.39;0.76;58.69;0.04;0.04;0.19;0.59;0.74;1.021017;0.3699788;0.4789705;0.3171252;0.6119425
2022-07-03 07:21:00-03:00;54.2308;344.2476;344.2476;26.87341;180.7199;228.5119;1.400446;218.5529;10.05087;11.51683;134.681;6.41322;119.9205;8.017417;106.819;83.19616;31.79147;17.99881;7.202547;0.1496887;0.0;1.19751;0.0625;1.164079;2.694397;13148.48;500.738;1798.341;0.758;58.92;0.041;0.038;0.187;0.613;0.743;1.005342;0.3700749;0.4791421;0.3172198;0.6123488
2022-07-03 07:22:00-03:00;50.14375;346.858;346.858;27.31416;181.0699;228.6407;1.518622;220.1292;10.94423;11.56534;134.9267;5.633363;119.6516;8.019614;106.8092;83.20602;31.78629;17.99854;7.202455;0.1496887;0.0;1.19751;0.0625;1.179048;2.694397;13147.77;502.056;1798.292;0.756;59.15;0.042;0.036;0.184;0.636;0.746;0.9896676;0.370171;0.4793138;0.3173143;0.6127551
2022-07-03 07:23:00-03:00;48.50677;345.1367;345.1367;26.85091;179.5975;227.7109;1.478492;226.1594;10.6493;12.91284;135.1524;6.725052;119.7505;8.021811;106.7995;83.21517;31.7811;17.987;7.197931;0.1496887;0.0;1.19751;0.0625;1.194017;2.694397;13147.07;503.374;1798.243;0.754;59.38;0.043;0.034;0.181;0.659;0.749;0.9739928;0.370267;0.4794855;0.3174088;0.6131614
2022-07-03 07:24:00-03:00;51.70169;349.978;349.978;27.23859;174.3201;228.6158;1.567265;204.873;11.29122;11.40942;135.0603;6.581249;119.7647;8.024009;106.7897;83.22433;31.87837;17.98257;7.196145;0.1496887;0.0;1.19751;0.0625;1.174557;2.694397;13146.36;504.692;1798.194;0.752;59.61;0.044;0.032;0.178;0.682;0.752;1.077553;0.3703631;0.4796571;0.3175033;0.6135677
2022-07-03 07:25:00-03:00;55.2008;350.9824;350.9824;26.27493;178.7567;234.1478;1.647347;206.4167;11.87112;14.08914;134.9104;6.438979;119.7789;8.026206;106.78;83.23348;31.87776;17.97814;7.19436;0.1496887;0.0;1.19751;0.0625;1.14462;2.694397;13145.66;506.01;1798.145;0.75;59.84;0.045;0.03;0.175;0.705;0.755;1.308988;0.3704592;0.4798288;0.3175978;0.613974
2022-07-03 07:26:00-03:00;59.05007;346.4772;346.4772;26.44831;178.4103;226.8715;1.494305;215.4691;10.77679;11.722;135.008;6.265911;119.7932;8.140454;106.7702;83.24264;31.87715;17.97371;7.192575;0.1496887;0.0;1.19751;0.0625;1.114682;2.694397;13144.96;507.328;1798.096;0.748;60.07;0.046;0.028;0.172;0.728;0.758;1.267038;0.3705553;0.4800004;0.3176923;0.6143803
2022-07-03 07:27:00-03:00;59.69814;352.0249;352.0249;28.53032;181.9356;234.6279;1.43338;246.879;10.32827;11.23508;135.2588;5.097971;119.8074;8.141652;106.7604;83.25179;31.87654;17.96927;7.190789;0.1496887;0.0;1.19751;0.0625;1.084744;2.694397;13144.25;508.646;1798.047;0.746;60.3;0.047;0.026;0.169;0.751;0.761;1.220243;0.3706513;0.4801721;0.3177868;0.6147866
2022-07-03 07:28:00-03:00;59.11261;350.6199;350.6199;27.76169;180.9318;230.5012;1.500252;245.1185;10.81962;11.34565;135.0742;5.531766;119.8216;8.138722;106.7507;83.26095;31.87593;17.96484;7.189004;0.1496887;0.0;1.19751;0.0625;1.054806;2.694397;13143.55;509.964;1797.998;0.744;60.53;0.048;0.024;0.166;0.774;0.764;1.173447;0.3707474;0.4803438;0.3178813;0.6151929
2022-07-03 07:29:00-03:00;56.85461;349.3104;349.3104;27.71059;177.9277;228.8777;1.448318;226.3722;10.45038;11.34042;134.9159;5.592009;119.8358;8.135793;106.7716;83.2701;31.87532;17.96041;7.187219;0.1496887;0.0;1.19751;0.0625;1.024869;2.694397;13142.84;511.282;1797.949;0.742;60.76;0.049;0.022;0.163;0.797;0.767;1.180719;0.3708435;0.4805154;0.3179758;0.6155992
2022-07-03 07:30:00-03:00;53.90527;348.8401;348.8401;27.6081;181.7322;230.0842;1.504978;222.0575;10.83675;11.50382;135.0561;5.210268;119.85;8.132863;106.5295;83.27926;31.87471;17.95598;7.185433;0.1496887;0.0;1.19751;0.0625;0.994931;2.694397;13142.14;512.6;1797.9;0.74;60.99;0.05;0.02;0.16;0.82;0.77;1.188941;0.3709395;0.4806871;0.3180703;0.6160055
2022-07-03 07:31:00-03:00;49.70401;351.463;351.463;28.84582;183.78;235.949;1.644068;210.3734;11.85729;13.90269;135.1546;5.321778;119.8643;8.129933;106.7211;83.28841;31.8741;17.95155;7.183648;0.1496887;0.0;1.19751;0.0625;0.9649933;2.694397;13142.55;510.136;1797.668;0.743;60.547;0.049;0.023;0.163;0.807;0.827;1.197164;0.3710356;0.4808587;0.3181648;0.6164118
2022-07-03 07:32:00-03:00;46.05728;349.1332;349.1332;28.10254;183.4944;227.231;1.507825;206.2361;10.82612;11.65791;135.2522;6.186879;119.9096;8.127004;106.6856;83.29585;31.87349;17.94712;7.181862;0.1496887;0.0;1.19751;0.0625;0.9350556;2.694397;13142.97;507.672;1797.436;0.746;60.104;0.048;0.026;0.166;0.794;0.884;1.205387;0.3711317;0.4810304;0.3182593;0.6168181
2022-07-03 07:33:00-03:00;50.61816;345.995;345.995;26.54395;179.8792;225.9507;1.394985;233.2646;10.06971;10.69615;135.3394;7.279191;119.7344;8.124074;106.6501;83.29829;31.87288;18.01352;7.208333;0.1496887;0.0;1.19751;0.0625;0.9051178;2.694397;13143.38;505.208;1797.204;0.749;59.661;0.047;0.029;0.169;0.781;0.941;1.21361;0.3712277;0.4812021;0.3183538;0.6172245
2022-07-03 07:34:00-03:00;55.51591;343.0747;343.0747;27.16615;177.2667;222.7771;1.365368;230.3031;9.839009;11.66826;135.3394;5.798573;119.4236;8.121144;106.6146;83.30074;31.87551;18.01322;7.208196;0.1496887;0.0;1.19751;0.0625;0.8981323;2.694397;13143.8;502.744;1796.972;0.752;59.218;0.046;0.032;0.172;0.768;0.998;1.221833;0.3713238;0.4813737;0.3184483;0.6176307
2022-07-03 07:35:00-03:00;61.94872;346.6564;346.6564;27.51661;176.7414;226.3392;1.386127;239.7236;9.974693;10.94829;135.0447;5.990801;119.8341;8.118215;106.5791;83.30318;31.87471;18.0104;7.207051;0.1496887;0.0;1.19751;0.0625;0.8981323;2.694397;13144.21;500.28;1796.74;0.755;58.775;0.045;0.035;0.175;0.755;1.055;1.230056;0.3714199;0.4815454;0.3185428;0.618037
2022-07-03 07:36:00-03:00;64.4011;349.9223;349.9223;28.41863;177.558;228.0719;1.548928;240.578;11.28362;11.91133;135.027;5.802686;119.8624;8.115285;106.5436;83.30562;31.87379;18.00758;7.205907;0.1496887;0.0;1.19751;0.0625;0.8981323;2.694397;13144.63;497.816;1796.508;0.758;58.332;0.044;0.038;0.178;0.742;1.112;1.238279;0.371516;0.4817171;0.3186373;0.6184434
2022-07-03 07:37:00-03:00;61.31452;349.5135;349.5135;26.41758;179.4907;231.7671;1.501266;215.4299;10.80371;11.30959;135.0197;6.553974;119.8753;8.054407;106.4866;83.30806;31.87288;18.00476;7.204762;0.1496887;0.0;1.19751;0.0625;0.8981323;2.694397;13145.04;495.352;1796.276;0.761;57.889;0.043;0.041;0.181;0.729;1.169;1.246501;0.371612;0.4818887;0.3187318;0.6188496
2022-07-03 07:38:00-03:00;57.67292;344.6017;344.6017;26.19709;183.9007;228.4263;1.522647;225.4567;10.97804;11.88136;135.0123;6.503368;119.885;8.049781;106.572;83.3105;31.87196;18.00194;7.203618;0.1496887;0.0;1.19751;0.0625;0.8981323;2.694397;13145.46;492.888;1796.044;0.764;57.446;0.042;0.044;0.184;0.716;1.226;1.091428;0.3717081;0.4820604;0.3188263;0.619256
2022-07-03 07:39:00-03:00;54.08643;345.8543;345.8543;26.31481;178.2085;229.6566;1.525459;229.1704;10.99915;11.94536;135.005;6.42021;119.6271;8.045156;106.7577;83.31294;31.87105;17.99912;7.202474;0.1496887;0.0;1.19751;0.0625;0.8981323;2.694397;13145.88;490.424;1795.812;0.767;57.003;0.041;0.047;0.187;0.703;1.283;1.222939;0.3718042;0.482232;0.3189209;0.6196623
2022-07-03 07:40:00-03:00;48.62259;355.0668;355.0668;27.27009;175.7129;232.3348;1.623242;235.8625;11.70261;11.64678;134.9977;6.07973;119.6142;8.040529;106.5947;83.31538;31.87013;17.9963;7.201329;0.1496887;0.0;1.19751;0.0625;0.8981323;2.694397;13146.29;487.96;1795.58;0.77;56.56;0.04;0.05;0.19;0.69;1.34;1.211144;0.3719003;0.4824037;0.3190154;0.6200686
2022-07-03 07:41:00-03:00;46.67705;344.433;344.433;26.21492;177.6932;221.767;1.498456;237.8538;10.77178;11.99693;134.9904;7.412021;119.6054;8.035903;110.0982;83.31783;31.86922;17.99348;7.200184;0.1496887;0.0;1.19751;0.0625;0.8981323;2.694397;13145.96;489.471;1795.652;0.768;56.831;0.041;0.049;0.187;0.704;1.3;1.250102;0.3719963;0.4825754;0.3191099;0.6204749
2022-07-03 07:42:00-03:00;48.29819;346.072;346.072;25.66192;177.6056;223.4422;1.493429;233.3507;10.75035;10.91881;134.983;6.118083;119.82;8.031277;107.3629;83.38391;31.8683;17.99066;7.19904;0.1496887;0.0;1.19751;0.0625;0.8981323;2.694397;13145.64;490.982;1795.724;0.766;57.102;0.042;0.048;0.184;0.718;1.26;1.034217;0.3720924;0.482747;0.3192044;0.6208811
2022-07-03 07:43:00-03:00;54.20369;349.2675;349.2675;28.5787;177.2072;231.4075;1.508057;239.0146;10.83098;11.13344;134.9757;5.355438;119.825;8.02665;107.608;83.37783;31.86739;17.98784;7.197896;0.1496887;0.0;1.19751;0.0625;0.8981323;2.694397;13145.31;492.493;1795.796;0.764;57.373;0.043;0.047;0.181;0.732;1.22;1.073989;0.3721885;0.4829187;0.3192989;0.6212875
2022-07-03 07:44:00-03:00;58.53044;351.2727;351.2727;27.89286;179.144;235.0702;1.569878;241.1661;11.30968;11.21564;134.9684;5.156857;119.8221;8.022024;107.589;83.36929;31.86647;18.01957;7.210952;0.1496887;0.0;1.19751;0.0625;0.8981323;2.694397;13144.98;494.004;1795.868;0.762;57.644;0.044;0.046;0.178;0.746;1.18;1.087721;0.3722846;0.4830903;0.3193934;0.6216938
2022-07-03 07:45:00-03:00;61.36851;345.7505;345.7505;25.84056;177.2873;228.0807;1.48432;232.4261;10.69827;11.9364;134.9611;6.751604;119.5055;8.017398;107.57;83.36074;31.87104;18.01863;7.21054;0.1496887;0.0;1.19751;0.0625;0.8981323;2.694397;13144.65;495.515;1795.94;0.76;57.915;0.045;0.045;0.175;0.76;1.14;1.101454;0.3723806;0.483262;0.3194879;0.6221001
2022-07-03 07:46:00-03:00;60.72859;348.6825;348.6825;27.57672;181.0156;227.3519;1.48027;245.987;10.66447;11.02882;134.8923;5.199596;119.566;8.012773;107.551;83.3522;31.86158;18.01769;7.210128;0.1496887;0.0;1.19751;0.0625;0.8981323;2.694397;13144.33;497.026;1796.012;0.758;58.186;0.046;0.044;0.172;0.774;1.1;1.115186;0.3724767;0.4834337;0.3195824;0.6225064
2022-07-03 07:47:00-03:00;56.60731;348.2866;348.2866;28.66594;183.6612;235.7633;1.573427;250.1955;11.33126;11.19845;134.9272;4.757041;119.8903;8.133771;107.5321;83.34365;31.85212;18.01675;7.209716;0.1496887;0.0;1.19751;0.0625;0.8981323;2.694397;13144.0;498.537;1796.084;0.756;58.457;0.047;0.043;0.169;0.788;1.06;1.128919;0.3725728;0.4836053;0.3196769;0.6229127
2022-07-03 07:48:00-03:00;53.47305;344.874;344.874;26.89646;176.2161;230.4376;1.52242;249.3003;10.96947;11.35393;134.9621;5.448032;119.6571;8.141829;107.39;83.33511;31.84266;18.01581;7.209304;0.1496887;0.0;1.19751;0.0625;0.8981323;2.694397;13143.67;500.048;1796.156;0.754;58.728;0.048;0.042;0.166;0.802;1.02;1.142652;0.3726689;0.483777;0.3197714;0.623319
2022-07-03 07:49:00-03:00;49.87293;341.4545;341.4545;26.37139;175.155;223.3254;1.452172;247.4162;10.46012;11.12854;134.997;6.519142;119.6522;8.149885;107.57;83.32656;31.8332;18.01487;7.208892;0.1496887;0.0;1.19751;0.0625;0.8981323;2.694397;13143.35;501.559;1796.228;0.752;58.999;0.049;0.041;0.163;0.816;0.98;1.156384;0.3727649;0.4839487;0.3198659;0.6237253
2022-07-03 07:50:00-03:00;47.57018;342.9202;342.9202;27.66689;179.4785;227.0635;1.447703;231.3174;10.43309;9.991516;134.8707;5.674749;119.6473;8.157942;107.3309;83.31802;31.82374;18.01393;7.20848;0.1496887;0.0;1.19751;0.0625;0.8981323;2.694397;13143.02;503.07;1796.3;0.75;59.27;0.05;0.04;0.16;0.83;0.94;1.170117;0.372861;0.4841203;0.3199604;0.6241316
2022-07-03 07:51:00-03:00;49.96788;345.5986;345.5986;27.66517;178.9977;229.3468;1.512882;216.0794;10.90246;9.197672;135.1391;6.401767;119.6424;8.165999;106.8947;83.30947;31.81428;18.01299;7.208068;0.1496887;0.0;1.19751;0.0625;0.8981323;2.694397;13143.02;503.07;1796.3;0.75;59.27;0.05;0.04;0.16;0.83;0.94;1.183849;0.3729571;0.484292;0.3200549;0.6245379
2022-07-03 07:52:00-03:00;54.6865;338.8766;338.8766;24.96914;177.965;221.5552;1.442816;224.041;10.40643;11.40232;135.054;6.64116;119.6375;8.174056;107.1837;83.30093;31.80482;18.01205;7.207656;0.1496887;0.0;1.19751;0.0625;0.8981323;2.694397;13143.02;503.07;1796.3;0.75;59.27;0.05;0.04;0.16;0.83;0.94;1.272185;0.3730532;0.4844637;0.3201495;0.6249442
2022-07-03 07:53:00-03:00;59.29359;343.8866;343.8866;26.59194;176.459;226.8046;1.51597;218.4867;10.91539;12.40474;134.9625;6.513378;119.6327;8.182113;107.1454;83.29342;31.79536;18.01111;7.207244;0.1496887;0.0;1.19751;0.0625;0.8981323;2.694397;13143.02;503.07;1796.3;0.75;59.27;0.05;0.04;0.16;0.83;0.94;1.012142;0.3731492;0.4846353;0.320244;0.6253505
2022-07-03 07:54:00-03:00;63.42581;347.7464;347.7464;27.87233;179.8566;229.9982;1.437729;221.9775;10.35672;12.48522;134.9346;5.515297;119.853;8.19017;107.1;83.27816;31.7859;18.03137;7.215431;0.1496887;0.0;1.19751;0.0625;0.8981323;2.694397;13143.02;503.07;1796.3;0.75;59.27;0.05;0.04;0.16;0.83;0.94;1.101679;0.3732453;0.484807;0.3203385;0.6257568
2022-07-03 07:55:00-03:00;63.00723;343.7365;343.7365;27.16374;181.4456;226.7371;1.364495;231.8953;9.810994;11.35092;134.956;6.296712;119.6491;8.198227;107.0547;83.2629;31.7869;18.02141;7.211454;0.1496887;0.0;1.19751;0.0625;0.8981323;2.694397;13143.02;503.07;1796.3;0.75;59.27;0.05;0.04;0.16;0.83;0.94;1.138307;0.3733414;0.4849786;0.320433;0.6261631
2022-07-03 07:56:00-03:00;57.07248;349.5192;349.5192;27.84457;182.9209;234.6285;1.491261;236.9115;10.75536;11.36148;134.9774;6.521025;119.8756;8.206284;106.9369;83.24763;31.78711;18.01054;7.207105;0.1496887;0.0;1.19751;0.0625;0.8981323;2.694397;13143.02;503.07;1796.3;0.75;59.27;0.05;0.04;0.16;0.83;0.94;1.174014;0.3734375;0.4851503;0.3204346;0.6263733
2022-07-03 07:57:00-03:00;54.59436;347.3575;347.3575;29.20529;184.608;237.4172;1.57719;230.9485;11.36266;10.45947;134.9987;4.6225;119.6421;8.047714;106.9156;83.23238;31.78711;17.99966;7.202755;0.1496887;0.0;1.19751;0.0625;0.8981323;2.694397;13143.02;503.07;1796.3;0.75;59.27;0.05;0.04;0.16;0.83;0.94;1.185444;0.3735335;0.485322;0.3204346;0.6263733
2022-07-03 07:58:00-03:00;49.37996;342.8545;342.8545;28.32248;183.0837;232.323;1.581941;234.4595;11.37039;12.29177;135.234;5.64395;119.8755;8.058792;106.8973;83.21712;31.78711;17.98878;7.198407;0.1496887;0.0;1.19751;0.0625;0.8981323;2.694397;13143.02;503.07;1796.3;0.75;59.27;0.05;0.04;0.16;0.83;0.94;1.170889;0.3735352;0.4854936;0.3204346;0.6263733
2022-07-03 07:59:00-03:00;44.9878;345.0205;345.0205;28.08979;182.1215;233.1515;1.443878;222.6934;10.40611;11.12375;135.231;5.545349;119.8301;8.075883;107.0403;83.20186;31.78711;17.9779;7.194057;0.1496887;0.0;1.19751;0.0625;0.8981323;2.694397;13143.02;503.07;1796.3;0.75;59.27;0.05;0.04;0.16;0.83;0.94;1.156334;0.3735352;0.4856653;0.3204346;0.6263733
2022-07-03 08:00:00-03:00;47.03904;342.5779;342.5779;27.62946;174.7014;227.1707;1.511196;217.3156;10.892;11.0261;135.2202;6.174866;119.7847;8.092974;107.0313;83.1866;31.78711;17.96703;7.189708;0.1496887;0.0;1.19751;0.0625;0.8981323;2.694397;13143.02;503.07;1796.3;0.75;59.27;0.05;0.04;0.16;0.83;0.94;1.141779;0.3735352;0.485837;0.3204346;0.6263733
